"doc_title","word","tfidf"
"text15","usurer",6.62757831681574
"text15","usurers",3.66910279220519
"text15","barbadoss",2.65381974389379
"text15","objection",2.15599800339355
"text15","richest",1.98827349504472
"text15","use-money",1.76921316259586
"text15","qualifications",1.76921316259586
"text15","lender's",1.75072975690185
"text15","territory",1.54988938801001
"text15","surplusage",1.51933568937926
"text15","securities",1.51933568937926
