"doc_title","word","tfidf"
"text1","misselden",49.0222020966333
"text1","circle",27.1730710989445
"text1","undervaluation",23.8592819405367
"text1","royals",22.9997711137462
"text1","overbalancing",21.0087570828222
"text1","centre",18.082981758078
"text1","misselden's",17.7024618682287
"text1","staple",15.9160247847741
