"doc_title","word","tfidf"
"text14","pious",2.91788292816975
"text14","question",2.78454865442867
"text14","quest",2.6510313267263
"text14","defect",2.17036701610556
"text14","relating",2.06651918401334
