"doc_title","word","tfidf"
"text2","carrats",134.460200357285
"text2","ss",114.385138225478
"text2","factor",113.994347049231
"text2","assurors",108.938226881407
"text2","grains",99.2080195577714
"text2","antuerp",84.4271258330908
"text2","pieces",81.4967245282761
"text2","ship",80.6343253269187
