"doc_title","word","tfidf"
"text20","bantam",5.30763948778758
"text20","naval",3.53842632519172
"text20","deck",3.18209352106083
"text20","joint",3.10801248966965
