"doc_title","word","tfidf"
"text3","sols",44.5493092948517
"text3","livers",26.5174460088403
"text3","dearth",21.8710084454919
"text3","gold",17.8539323909474
"text3","bodine",17.4723604278615
"text3","velvet",15.9104676053042
"text3","malestroit",12.7283740842433
"text3","crowns",11.3658555120734
"text3","ounce",11.087955127045
