"doc_title","word","tfidf"
"text8","raw-silkes",16.9711654456578
"text8","indigo",10.5486705275899
"text8","indies",10.4069483158518
"text8","aleppo",9.73067239427724
"text8","rawsilke",9.53209485212315
"text8","yearly",8.19560837480674
"text8","east",7.72278481472174
"text8","kingdom's",7.5966784468963
"text8","sterling",7.43353451132268
"text8","east-indies",7.23455672035186
"text8","marseilles",7.07685265038344
