"doc_title","word","tfidf"
"text16","phirmaund",9.53209485212315
"text16","mogul",6.36418704212167
"text16","mogul's",5.44691134407037
"text16","guns",4.55800706813778
"text16","mary",3.03867137875852
"text16","committees",3.03867137875852
"text16","cargoes",3.03867137875852
"text16","kempthorne",2.72345567203519
"text16","frigate",2.72345567203519
"text16","swally",2.72345567203519
"text16","husball",2.72345567203519
