"doc_title","word","tfidf"
"text18","goals",4.08518350805278
"text18","design",2.7518270941539
"text18","dorchester",2.27900353406889
"text18","sessions",2.12139568070722
"text18","fills",2.12139568070722
