"doc_title","word","tfidf"
"text19","treasure",11.497175738743
"text19","genova",10.6069784035361
"text19","foreign",10.5390777605144
"text19","war",9.60658405897891
"text19","gain",8.82603978825341
"text19","divers",8.64904907320293
"text19","feats",8.35634629158593
"text19","country's",8.26607673605338
"text19","wonders",8.17036701610556
"text19","exportations",8.17007219887529
"text19","insurance",7.96145923168137
