"doc_title","word","tfidf"
"text22","common-wealth",50.9134963369734
"text22","forreine",46.6707049755589
"text22","gouernment",44.5493092948517
"text22","maiesties",39.2458200930836
"text22","non-latin",36.0637265720228
"text22","alphabet",36.0637265720228
"text22","subiects",33.9423308913156
"text22","vnder",31.8209352106083
"text22","christendome",31.8209352106083
"text22","publique",27.5781438491939
"text22","selfe",23.3353524877795
